create table employees(
	id serial primary key,
	employee_name varchar(50) not null
)

insert into employees(employee_name) values
	('Alexia'),
	('Betty'),
	('Jay'),
	('Ciaran'),
	('Lola'),
	('Samantha'),
	('Fleur'),
	('May'),
	('Georgie'),
	('Kaitlyn'),
	('Fannie'),
	('Rhea'),
	('Sophie'),
	('Aimee'),
	('Maria'),
	('Amy'),
	('Zoya'),
	('Hafsa'),
	('Barbara'),
	('Terry'),
	('Isabella'),
	('Louisa'),
	('Jerry'),
	('Shane'),
	('Gloria'),
	('Aminah'),
	('Frances'),
	('Sapphire'),
	('Stacey'),
	('Niamh'),
	('Nellie'),
	('Katelyn'),
	('Charley'),
	('Teresa'),
	('Naomi'),
	('Bertha'),
	('Harley'),
	('Tina'),
	('Alicia'),
	('Sharon'),
	('Marie'),
	('Eva'),
	('Sam'),
	('Willie'),
	('Maryam'),
	('Maisie'),
	('Natasha'),
	('Ana'),
	('Paula'),
	('Laura'),
	('Hannah'),
	('Amina'),
	('Annabelle'),
	('Elizabeth'),
	('Mary'),
	('Elena'),
	('Holly'),
	('Poppy'),
	('Madeleine'),
	('Millicent'),
	('Hana'),
	('Mariam'),
	('Tommy'),
	('Stephanie'),
	('Lucia'),
	('Evelyn'),
	('Minnie'),
	('Nina'),
	('Rose'),
	('Jodie')
	
create table salary(
	id serial primary key,
	monthly_salary int not null
)

insert into salary(monthly_salary) values
	(1000),
	(1100),
	(1200),
	(1300),
	(1400),
	(1500),
	(1600),
	(1700),
	(1800),
	(1900),
	(2000),
	(2100),
	(2200),
	(2300),
	(2400),
	(2500)
	
create table employee_salary(
	id serial primary key,
	employee_id int not null unique,
	salary_id int not null
)

insert into employee_salary(employee_id, salary_id) values
	(3, 7),
	(1, 4),
	(5, 9),
	(40, 13),
	(23, 4),
	(11, 2),
	(52, 10),
	(15, 13),
	(26, 4),
	(16, 1),
	(33, 7),
	(42, 6),
	(64, 1),
	(54, 13),
	(28, 11),
	(8, 5),
	(20, 6),
	(37, 16),
	(68, 4),
	(58, 15),
	(61, 11),
	(49, 9),
	(31, 5),
	(13, 12),
	(18, 7),
	(44, 8),
	(56, 2),
	(66, 12),
	(47, 14),
	(35, 8),
	(88, 5),
	(100, 1),
	(96, 7),
	(76, 15),
	(477, 8),
	(111, 12),
	(82, 16),
	(95, 3),
	(73, 10),
	(201, 13)

create table roles(
	id serial primary key,
	role_name int not null unique
)	

alter table roles
alter column role_name type varchar(30)

insert into roles(role_name) values
	('Junior Python developer'),
	('Middle Python developer'),
	('Senior Python developer'),
	('Junior Java developer'),
	('Middle Java developer'),
	('Senior Java developer'),
	('Junior JavaScript developer'),
	('Middle JavaScript developer'),
	('Senior JavaScript developer'),
	('Junior Manual QA engineer'),
	('Middle Manual QA engineer'),
	('Senior Manual QA engineer'),
	('Project Manager'),
	('Designer'),
	('HR'),
	('CEO'),
	('Sales manager'),
	('Junior Automation QA engineer'),
	('Middle Automation QA engineer'),
	('Senior Automation QA engineer')
	
create table roles_employee(
	id serial primary key,
	employee_id int not null unique,
	foreign key (employee_id)
		references employees (id),
	role_id int not null,
	foreign key (role_id)
		references roles (id)
)

insert into roles_employee(employee_id, role_id) values
	(3, 9),
	(1, 20),
	(5, 13),
	(40, 4),
	(23, 4),
	(11, 2),
	(52, 19),
	(15, 13),
 	(26, 7),
	(16, 9),
	(33, 17),
	(42, 10),
	(64, 6),
	(54, 5),
	(28, 18),
	(8, 13),
	(20, 12),
	(37, 1),
	(68, 8),
	(58, 16),
	(61, 11),
	(49, 6),
	(31, 14),
	(13, 10),
	(18, 20),
	(44, 4),
	(56, 7),
	(66, 13),
	(47, 2),
	(38, 15),
	(4, 2),
	(41, 9),
	(35, 6),
	(70, 11),
	(24, 5),
	(6, 1),
	(55, 13),
	(17, 15),
	(53, 20),
	(21, 3)
